article_id,dataset_info,text_type,llm_input,llm_response,llm_thinking_content
10.1002_ece3.6144,"[{'dataset_id': 'https://doi.org/10.5061/dryad.zw3r22854', 'type': 'Primary'}]",XML,"Text Content: {""title"":""Efficacy of metabarcoding for identification of fish eggs evaluated with mock communities"",""author"":""Duke Elena M."",""abstract"":""Abstract There is urgent need for effective and efficient monitoring of marine fish populations. Monitoring eggs and larval fish may be more informative\u00a0than that traditional fish surveys since ichthyoplankton surveys reveal the reproductive activities of fish populations, which directly impact their population trajectories. Ichthyoplankton surveys have turned to molecular methods (DNA barcoding & metabarcoding) for identification of eggs and larval fish due to challenges of morphological identification. In this study, we examine the effectiveness of using metabarcoding methods on mock communities of known fish egg DNA. We constructed six mock communities with known ratios of species. In addition, we analyzed two samples from a large field collection of fish eggs and compared metabarcoding results with traditional DNA barcoding results. We examine the ability of our metabarcoding methods to detect species and relative proportion of species identified in each mock community. We found that our metabarcoding methods were able to detect species at very low input proportions; however, levels of successful detection depended on the markers used in amplification, suggesting that the use of multiple markers is desirable. Variability in our quantitative results may result from amplification bias as well as interspecific variation in mitochondrial DNA copy number. Our results demonstrate that there remain significant challenges to using metabarcoding for estimating proportional species composition; however, the results provide important insights into understanding how to interpret metabarcoding data. This study will aid in the continuing development of efficient molecular methods of biological monitoring for fisheries management."",""data_availability"":""DATA AVAILABILITY STATEMENT Data are available at Dryad Digital Repository at:  https://doi.org/10.5061/dryad.zw3r22854 . Two sequences used in our reference library are on GenBank (accession numbers MH714866 and MH718435)."",""other_dataset_citations"":[]}
","[{'dataset_id': '10.5061/dryad.zw3r22854', 'type': 'Primary'}]","<think>
Okay, let's tackle this problem. The user provided a JSON object with a paper section and wants me to extract dataset IDs. First, I need to parse the data_availability and other_dataset_citations sections.

Looking at the abstract, the data_availability mentions a DOI: https://doi.org/10.5061/dryad.zw3r22854. That looks like a DOI. I need to check if this is a dataset ID. The key rule is to extract DOIs that are explicitly used as dataset IDs. Since the DOI is provided here, and it's in the correct format (starts with 10.), it's a valid dataset ID. So I'll note that.

Next, the other_dataset_citations section is empty. No additional citations are provided. So no other dataset IDs to extract here.

Now, the classification. The abstract mentions ""fish eggs and larval fish"" and uses metabarcoding. The DOI is from Dryad, which is a dataset repository. The original data generation is the authors of the paper, so this should be Primary.

I need to make sure I only include the valid IDs. The DOI is valid and matches the dataset ID criteria. The other_dataset_citations are empty, so no issues there.

So the final JSON should have the dataset_id with the DOI and the type as Primary.
</think>"
10.1002_ejoc.202000139,"[{'dataset_id': 'Missing', 'type': 'Missing'}]",PDF,"Text Content: {""title"":"""",""author"":""Ann Christin Reiers\u00f8lmoen[a"",""abstract"":""Abstract: Studies on gold(III) coordination of a series of pre-pared polydentate pyridine and quinoline based ligands are re-ported.\nCharacterization (1H, 13C, 15N NMR, and XRD) of the novel gold(III) complexes, prepared in 31-98 % yield, revealed different coordination ability of the pyridine and quinoline nitrogen atoms.\nTesting of catalytic activity in cyclopropanation"",""data_availability"":""10990690, 2020, 19, Downloaded from https://chemistry-europe.onlinelibrary.wiley.com/doi/10.1002/ejoc.202000139 by California Digital Library University Of California, Wiley Online Library on [09/05/2025].\nSee the Terms and Conditions (https://onlinelibrary.wiley.com/terms-and-conditions) on Wiley Online Library for rules of use; OA articles are governed by the applicable Creative Commons License"",""other_dataset_citations"":[""{\""dataset_ids\"": ['10.1002/ejoc.202000139'], citation_context: \""10990690, 2020, 19, Downloaded from https://chemistry-europe.onlinelibrary.wiley.com/doi/10.1002/ejoc.202000139 by California Digital Library University Of California, Wiley Online Library on [09/05/2025]. See the Terms and Conditions (https://onlinelibrary.wiley.com/terms-and-conditions) on Wiley Online Library for rules of use; OA articles are governed by the applicable Creative Commons License\""}""]}
","[{'dataset_id': '10.1002/ejoc.202000139', 'type': 'Primary'}, {'dataset_id': '10.1002/ejoc.202000139', 'type': 'Primary'}]","<think>
Okay, let's tackle this problem. The user provided a JSON structure with some text content and wants me to extract dataset IDs. Let me start by understanding the input.

First, looking at the ""data_availability"" section. The text mentions ""10990690, 2020, 19, Downloaded from..."" which looks like a DOI. The DOI format is [prefix]/[suffix], and the prefix is 10. followed by a number. The suffix here is 19, which is a 2-digit number. So that's a valid DOI. But wait, the user's instruction says to check if the DOI is explicitly used as a dataset ID. Since the DOI is there, and the citation context includes it, I should extract this as a dataset ID. But also, the citation context mentions the same DOI, so maybe it's part of the other_dataset_citations. Let me check the other_dataset_citations list. There's another entry with the same DOI. But the user's task says to process the first instance, so maybe both are valid. However, the user's example shows that when multiple entries have the same DOI, only the first one is considered. So in this case, both entries would be considered as valid dataset IDs. But wait, the data_availability section has only one DOI here. So maybe the other entry is in other_dataset_citations. So in Task 1, both entries would be considered. But the user's input has two entries: the first in data_availability and the second in other_dataset_citations. So both would be valid. But the user's example in the task shows that if multiple entries have the same DOI, only the first is processed. So I need to process the first one. Therefore, both entries would be valid dataset IDs. Now, for classification, looking at the abstract. The abstract mentions ""characterization (1H, 13C, 15N NMR, and XRD) of the novel gold(III) complexes, prepared in 31-98 % yield, revealed different coordination ability..."" which doesn't mention anything about the origin of the data. The citation context also refers to the same DOI. So the classification would be Primary. Wait, but the other dataset citation also has the same DOI. But since the data_availability section only has one DOI, perhaps only the first one is considered. So in Task 1, both entries would be valid. Then, for classification, the abstract doesn't mention origin, so Primary. So the dataset IDs would be both entries, and the types would be Primary. But wait, the data_availability section only has one DOI here. So maybe the other entry is in other_dataset_citations. Therefore, both entries are valid. Now, the user's example shows that if multiple entries have the same DOI, only the first is considered. So in this case, both entries would be valid. Then, the classification would be Primary for both. So the final JSON would have two dataset IDs, both Primary.
</think>"
10.1002_mp.14424,"[{'dataset_id': 'https://doi.org/10.7937/k9/tcia.2015.pf0m9rei', 'type': 'Secondary'}, {'dataset_id': 'https://doi.org/10.7937/tcia.2020.6c7y-gq39', 'type': 'Primary'}]",XML,"Text Content: {""title"":""PleThora: Pleural effusion and thoracic cavity segmentations in diseased lungs for benchmarking chest CT processing pipelines"",""author"":""Kiser Kendall J."",""abstract"":""This manuscript describes a dataset of thoracic cavity segmentations and discrete pleural effusion segmentations we have annotated on 402 computed tomography (CT) scans acquired from patients with non\u2010small cell lung cancer. The segmentation of these anatomic regions precedes fundamental tasks in image analysis pipelines such as lung structure segmentation, lesion detection, and radiomics feature extraction. Bilateral thoracic cavity volumes and pleural effusion volumes were manually segmented on CT scans acquired from The Cancer Imaging Archive \u201cNSCLC Radiomics\u201d data collection. Four hundred and two thoracic segmentations were first generated automatically by a U\u2010Net based algorithm trained on chest CTs without cancer, manually corrected by a medical student to include the complete thoracic cavity (normal, pathologic, and atelectatic lung parenchyma, lung hilum, pleural effusion, fibrosis, nodules, tumor, and other anatomic anomalies), and revised by a radiation oncologist or a radiologist. Seventy\u2010eight pleural effusions were manually segmented by a medical student and revised by a radiologist or radiation oncologist. Interobserver agreement between the radiation oncologist and radiologist corrections was acceptable. All expert\u2010vetted segmentations are publicly available in NIfTI format through The Cancer Imaging Archive at  https://doi.org/10.7937/tcia.2020.6c7y\u2010gq39 . Tabular data detailing clinical and technical metadata linked to segmentation cases are also available. Thoracic cavity segmentations will be valuable for developing image analysis pipelines on pathologic lungs \u2014 where current automated algorithms struggle most. In conjunction with gross tumor volume segmentations already available from \u201cNSCLC Radiomics,\u201d pleural effusion segmentations may be valuable for investigating radiomics profile differences between effusion and primary tumor or training algorithms to discriminate between them."",""data_availability"":"""",""other_dataset_citations"":[""{\""dataset_ids\"": ['10.7937/K9/TCIA.2015.PF0M9REI'], citation_context: \""Aerts HJWL , Wee L , Rios Velazquez E , et al. Data from NSCLC-Radiomics [Dataset] . In: The Cancer Imaging Archive ; 2019 10.7937/K9/TCIA.2015.PF0M9REI\""}"",""{\""dataset_ids\"": ['10.7937/tcia.2020.6c7y-gq39'], citation_context: \""Kiser KJ , Ahmed S , Stieb SM , et al. Data from the thoracic volume and pleural effusion segmentations in diseased lungs for benchmarking chest CT processing pipelines [Dataset] . In: The Cancer Imaging Archive ; 2020 10.7937/tcia.2020.6c7y-gq39\""}""]}
","[{'dataset_id': '10.7937/tcia.2020.6c7y-gq39', 'type': 'Primary'}, {'dataset_id': '10.7937/K9/TCIA.2015.PF0M9REI', 'type': 'Secondary'}]","<think>
Okay, let's tackle this problem step by step. The user provided a JSON string containing a paper section with data about a dataset. My job is to extract valid dataset IDs and classify them as Primary or Secondary based on the given guidelines.

First, I need to check the `data_availability` section. The abstract mentions CT scans from The Cancer Imaging Archive (NSCLC Radiomics). The DOI provided is 10.7937/tcia.2020.6c7y-gq39. I need to verify if this is a dataset ID. The important rule says only extract DOIs that are explicitly used as dataset IDs. The citation context here says it's a dataset from NSCLC Radiomics, so that's a valid DOI. So dataset_id 10.7937/tcia.2020.6c7y-gq39 is valid.

Next, check the `other_dataset_citations`. The first entry has dataset_ids [""10.7937/K9/TCIA.2015.PF0M9REI""] and a citation context. The abstract mentions ""data from NSCLC-Radiomics [Dataset]"" which matches the first DOI. The second entry has another DOI, but the citation context is about another dataset for benchmarking chest CT pipelines, which doesn't seem to be the same dataset. So only the first DOI is valid here.

Now, classify these dataset IDs. The first one, 10.7937/tcia.2020.6c7y-gq39, is from the thoracic volume and pleural effusion segmentations dataset. The abstract mentions that this dataset was annotated and used in the study. The keywords like ""segmentations"" and ""annotated"" indicate that the raw data was generated by the authors of the paper, so it's Primary. The second DOI in other_citations is from a different dataset, so it's Secondary.

Wait, but the abstract says the authors used data from NSCLC Radiomics, which is the first dataset. So the first DOI is Primary, the second is Secondary. So the final JSON should have both entries, each classified as Primary and Secondary.

I need to make sure I don't extract any other data. The other_dataset_citations have citations, but they don't provide valid dataset IDs. So only the first and second entries are relevant.

So the output should be two entries in JSON, each with the dataset_id and type.
</think>"
